	FID	Longitude	Latitude	Easting	Northing	Elevation	v1_lat	v1_long	v2_lat	v2_long	Width	peak_lat	peak_long	peak_east	peak_north	peak_elev	noVentInt	noVent	FID2017	Orientation	Length	AspectRatio	EquantInt	Equant	Prominence	clusterID	clusterName
0	0	-122.41766899999999	22.537566	-7256270.276000001	1335907.409	357	22.507332	-122.44148600000001	22.547736999999998	-122.392036	3093.623246	22.542753	-122.441273	-7257669.411	1336214.88	447	0	Vent	0		3608.1617309109993	1.1663222842588503	1	Equant	83.0	0.0	0.0
1	1	-109.17002099999999	15.953844	-6471019.993	945659.2855	1974	15.894688	-109.182354	16.006522	-109.16593600000002	210.639258	15.980351	-109.168023	-6470901.517999999	947230.4915	1976	0	Vent	1	8.032230778224966	6682.438403175748	31.724562964306244	0	NotEquant	64.0	1.0	1.0
2	2	-110.249233	14.853639999999999	-6534989.927	880445.0077	1998	14.858482999999998	-110.27728400000001	14.846824	-110.215418	301.512998	14.86311	-110.28473400000001	-6537094.271000001	881006.3542	2012	0	Vent	2	-78.97537790219899	3604.724366559291	11.955452635442573	0	NotEquant	29.0	1.0	1.0
3	3	-107.88818	14.809409	-6395039.259	877823.2176	1799	14.79471	-107.89153400000001	14.827785	-107.886299	278.26734799999997	14.823828	-107.894462	-6395411.609	878677.9311	1805	0	Vent	3	8.699113692782072	1979.7150224871414	7.114435224671569	0	NotEquant	1.0	1.0	1.0
4	4	-107.971581	14.162199	-6399982.786	839460.0791	1726	14.168029	-108.009652	14.140426999999999	-107.94921399999998	432.080908	14.160534	-107.99670800000001	-6401472.187999999	839361.3498	1728	0	Vent	4	-64.78702817695812	3832.7033859302005	8.87033727935556	0	NotEquant	17.0	1.0	1.0
5	5	-108.58310900000001	14.762692000000001	-6436230.955	875054.0739	1944	14.761859	-108.59191299999999	14.74782	-108.57835	901.261717	14.753601999999999	-108.597862	-6437105.414	874515.2941	1948	0	Vent	5		1136.7338255375569	1.2612694005481173	1	Equant	76.0	1.0	1.0
6	6	-111.21054	21.725431	-6591971.136	1287768.337	2606	21.716507999999997	-111.233621	21.720791000000002	-111.19864299999999	960.457591	21.721957	-111.231099	-6593189.737000001	1287562.416	2769	0	Vent	6	82.48494295389875	1939.2484296903783	2.019088034559954	0	NotEquant	1.0	2.0	2.0
7	7	-110.79363400000001	20.175055	-6567259.132999999	1195870.305	2747	20.188499	-110.80196200000002	20.152569	-110.79458600000001	883.765234	20.175579	-110.80771999999999	-6568094.101	1195901.334	2882	0	Vent	7	-10.908354052966871	2164.967572367949	2.449708914854133	0	NotEquant	164.0	2.0	2.0
8	8	-111.16456200000002	20.484447	-6589245.762	1214209.383	2748	20.416513000000002	-111.2319	20.549049	-111.095795	578.529455	20.464316	-111.19968200000001	-6591327.54	1213016.169	2775	0	Vent	8	43.86674323233856	10881.206300414002	18.808387725762387	0	NotEquant	49.0	2.0	2.0
9	9	-110.52492	20.750204	-6551331.222999999	1229962.043	2769	20.649077	-110.654779	20.838839	-110.39958200000001	745.8232830000001	20.823301	-110.40371100000002	-6544146.552	1234294.848	2803	0	Vent	9	51.465357875871696	18040.00110729963	24.188036923083867	0	NotEquant	5.0	2.0	2.0
10	10	-103.787028	3.6532690000000003	-6151944.696	216546.4092	5397	3.644503	-103.794601	3.6410760000000004	-103.779896	236.53434199999998	3.637398	-103.776892	-6151343.857999999	215605.6602	5392	0	Vent	10	-76.85620452338627	891.6485548940855	3.7696367781304483	0	NotEquant	1.0	3.0	3.0
11	11	-101.801897	7.162583000000001	-6034276.646000001	424559.9323	4096	7.016841	-101.890833	7.311894000000001	-101.72308100000001	268.072254	7.019473	-101.89416899999999	-6039746.06	416077.1124	4124	0	Vent	11	29.417351808688743	20043.376856486153	74.76856167474219	0	NotEquant	5.0	4.0	4.0
12	12	-101.935957	6.923828	-6042223.04	410407.7832	4152	6.939400999999999	-101.943072	6.895809	-101.941739	176.302289	6.894037	-101.94071600000001	-6042505.123	408641.9394	4156	0	Vent	12	-1.738840057688634	2580.3812181975127	14.636118639375763	0	NotEquant	12.0	4.0	4.0
13	13	-97.269308	12.646888	-5765608.802999999	749640.4755	3065	12.635332	-97.276341	12.634047	-97.27184399999999	234.422386	12.642033999999999	-97.269498	-5765620.087	749352.7501	3065	0	Vent	13		270.5325478667783	1.1540388803430162	1	Equant	1.0	4.0	4.0
14	14	-104.493347	16.272527	-6193811.521000001	964549.0867	2852	16.270179000000002	-104.482588	16.263635	-104.48270699999999	253.973223	16.263294000000002	-104.478499	-6192931.42	964001.8444	2865	0	Vent	14	1.0001055662698946	387.2456236601745	1.5247498105742214	0	NotEquant	1.0	1.0	1.0
15	15	-127.220743	17.707836999999998	-7540971.083	1049626.665	1060	17.725057999999997	-127.30259299999999	17.659385	-127.15811200000002	224.11897599999998	17.675762	-127.167824	-7537834.312000001	1047725.421	1065	0	Vent	15	-64.51568183451921	9023.596508035824	40.26252782823631	0	NotEquant	28.0	0.0	0.0
16	16	-128.100477	16.685265	-7593117.043	989014.0265	924	16.683356	-128.109475	16.680738	-128.095674	156.581844	16.682885	-128.10523600000002	-7593399.126	988872.9846	926	0	Vent	16	-78.80056397076241	797.3820040023767	5.092429515661961	0	NotEquant	3.0	0.0	0.0
17	17	-127.962217	16.698486	-7584921.694	989797.7347	960	16.698566	-127.97500500000001	16.696008	-127.95828999999999	165.986522	16.700295	-127.973257	-7585576.128	989904.9265	962	0	Vent	17	-80.92481520512706	959.2863699522647	5.779302791537886	0	NotEquant	4.0	0.0	0.0
18	18	-127.867777	15.334392000000001	-7579323.778	908941.4376	1023	15.304797	-127.896152	15.350482999999999	-127.84380300000001	254.364554	15.340007	-127.862256	-7578996.561000001	909274.2963	1026	0	Vent	18	47.850912732926936	4028.611981209507	15.837945648706647	0	NotEquant	7.0	0.0	0.0
19	19	-127.335278	16.369204	-7547760.109	970279.6422	1154	16.387229	-127.357883	16.344161	-127.329449	254.266778	16.370632	-127.34727099999999	-7548470.96	970364.2673	1176	0	Vent	19	-32.35670605311881	3016.4302479471016	11.863249582480263	0	NotEquant	18.0	0.0	0.0
20	20	-127.404001	16.947243	-7551833.642999999	1004542.69	1090	16.944566000000002	-127.429105	16.938498000000003	-127.39103300000001	249.329089	16.934394	-127.387821	-7550874.558999999	1003781.064	1096	0	Vent	20	-80.54622904732838	2184.5406785448504	8.761675933227552	0	NotEquant	1.0	0.0	0.0
21	21	-117.63506100000001	16.292572	-6972782.6389999995	965737.2794	2135	16.189601	-117.669503	16.385014	-117.61953500000001	564.51982	16.276106	-117.62858899999999	-6972399.006	964761.2699	2182	0	Vent	21	13.783216673583954	11905.098959894047	21.088894558022865	0	NotEquant	19.0	1.0	1.0
22	22	-116.42269099999999	17.89499	-6900919.783	1060720.107	2369	17.816007	-116.48562199999999	17.950209	-116.364745	359.172377	17.878357	-116.455527	-6902866.16	1059734.225	2395	0	Vent	22	40.584361782478176	10458.222445239826	29.11755779381616	0	NotEquant	184.0	1.0	1.0
23	23	-115.05055800000001	17.149720000000002	-6819587.027000001	1016544.448	2276	17.115717	-115.11497800000001	17.213573	-114.927001	596.141627	17.160356	-115.066548	-6820534.828	1017174.905	2284	0	Vent	23	61.388918172192845	12101.514260206503	20.299730319296263	0	NotEquant	1.0	1.0	1.0
24	24	-110.19897900000001	30.666667999999998	-6532011.167	1817757.483	3378	30.636776	-110.22307099999999	30.661677	-110.20845	268.53564700000004	30.63583	-110.215398	-6532984.356000001	1815929.58	3382	0	Vent	24	26.796474892469234	1650.6106430030948	6.146709613577278	0	NotEquant	1.0	2.0	2.0
25	25	-112.00416799999999	29.657293	-6639013.182999999	1757927.051	3189	29.636853000000002	-112.00679	29.674544	-112.00393500000001	353.238697	29.644915	-112.012049	-6639480.313999999	1757193.351	3192	0	Vent	25	3.7653945357352385	2234.876849446591	6.3268177253144815	0	NotEquant	14.0	2.0	2.0
26	26	-111.96771399999999	30.040554999999998	-6636852.368	1780644.811	3052	29.966078999999997	-111.956744	30.088026	-111.936816	114.799733	29.981091999999997	-111.957149	-6636226.142000001	1777120.176	3056	0	Vent	26	8.047954505300224	7287.054067908938	63.47622836290863	0	NotEquant	2.0	2.0	2.0
27	27	-109.238413	28.758111	-6475073.887	1704628.352	3550	28.741846000000002	-109.24089599999999	28.762665999999996	-109.242085	537.626597	28.746903999999997	-109.24583700000001	-6475513.937000001	1703964.045	3585	0	Vent	27	-2.8659777497605994	1233.3929023764997	2.294144131370978	0	NotEquant	82.0	2.0	2.0
28	28	-109.539401	28.071327	-6492914.839	1663919.438	3558	28.061202	-109.54479199999999	28.069494	-109.542832	277.103232	28.066259000000002	-109.54371200000001	-6493170.407000001	1663619.019	3564	0	Vent	28	11.781248543219263	501.168260655737	1.8085976732878273	0	NotEquant	4.0	2.0	2.0
29	29	-109.05965	27.857643	-6464477.741	1651253.3469999998	3481	27.849293	-109.06488999999999	27.855003000000004	-109.06828	321.62486	27.854859	-109.073926	-6465323.992000001	1651088.3280000002	3484	0	Vent	29		381.55773604438565	1.1863440408318735	1	Equant	7.0	2.0	2.0
30	30	-109.19018799999999	28.069664000000003	-6472215.391	1663820.869	3529	28.022521	-109.17603100000001	28.106396999999998	-109.21618400000001	264.99354300000005	28.103715	-109.208177	-6473281.668	1665839.178	3553	0	Vent	30	-22.891227052854102	5387.283880121229	20.32986849087575	0	NotEquant	67.0	2.0	2.0
31	31	-108.589876	28.235125	-6436632.055	1673628.465	3471	28.247690999999996	-108.597163	28.220772999999998	-108.59523	204.99643	28.237623	-108.612148	-6437952.206	1673776.5580000002	3480	0	Vent	31	-3.6205483311822775	1595.8324434619512	7.784684072117506	0	NotEquant	17.0	2.0	2.0
32	32	-108.883381	28.161125	-6454029.448	1669242.1530000002	3508	28.087346999999998	-108.912618	28.195612	-108.879306	278.981313	28.221301	-108.86539199999999	-6452963.172	1672809.101	3539	0	Vent	32	15.17198475024632	6637.261188980494	23.79106011656234	0	NotEquant	37.0	2.0	2.0
33	33	-108.8601	28.436336999999998	-6452649.485	1685555.289	3557	28.413953999999997	-108.856475	28.453691	-108.87908	243.16937000000001	28.433696	-108.877232	-6453664.9860000005	1685398.733	3562	0	Vent	33	-26.57074950949294	2628.8702082274963	10.810860793147986	0	NotEquant	65.0	2.0	2.0
34	34	-109.907427	30.067839000000003	-6514729.517999999	1782262.062	3581	30.061017	-109.91223400000001	30.074152	-109.909322	530.221624	30.058431	-109.925416	-6515795.794	1781704.3830000001	3680	0	Vent	34		791.3291930331762	1.4924498685349283	1	Equant	1.0	2.0	2.0
35	35	-109.801449	29.533609000000002	-6508447.65	1750595.755	3802	29.501939	-109.832001	29.546435	-109.79428600000001	409.992859	29.557451	-109.780019	-6507177.427	1752008.994	3845	0	Vent	35	36.40100318733322	3271.2744950359997	7.978857248916132	0	NotEquant	1.0	2.0	2.0
36	36	-109.48695	28.461896000000003	-6489805.815	1687070.271	3505	28.494673	-109.516931	28.466833	-109.486474	209.673756	28.502513	-109.511648	-6491269.829	1689477.855	3519	0	Vent	36	-43.88586616035735	2285.206678775261	10.898868424788752	0	NotEquant	17.0	2.0	2.0
37	37	-109.86113700000001	27.838386	-6511985.677	1650111.9340000001	3685	27.851243	-109.88661100000002	27.827925	-109.835453	508.240086	27.847595000000002	-109.88583600000001	-6513449.692000001	1650657.7659999998	3714	0	Vent	37	-62.74246420172436	3011.1739219910182	5.924707642976076	0	NotEquant	58.0	2.0	2.0
38	38	-110.278994	26.667064	-6536754.01	1580682.1709999999	3458	26.667585	-110.28895800000001	26.66119	-110.275722	605.5361280000001	26.652002000000003	-110.27870800000001	-6536737.085	1579789.376	3467	0	Vent	39		795.5794850362039	1.3138431354441065	1	Equant	40.0	2.0	2.0
39	39	-110.372571	26.314832	-6542300.741	1559803.721	3344	26.319368	-110.371678	26.29245	-110.38149399999999	189.883377	26.315759999999997	-110.365004	-6541852.227999999	1559858.727	3348	0	Vent	40	18.10468222431365	1675.586128134057	8.824290754709176	0	NotEquant	11.0	2.0	2.0
40	40	-109.76361200000001	25.532929	-6506204.876	1513456.63	3415	25.535763	-109.77649299999999	25.524699	-109.76043200000001	870.7262900000001	25.535142	-109.776175	-6506949.576	1513587.799	3423	0	Vent	41		1078.8023640997403	1.238968406592777	1	Equant	72.0	2.0	2.0
41	41	-110.11031200000001	23.041068	-6526755.455	1365752.3490000002	3078	23.025304000000002	-110.118521	23.0466	-110.11328700000001	320.15252999999996	23.020296	-110.112454	-6526882.392999999	1364521.053	3088	0	Vent	42	12.743461354672728	1291.8395561810228	4.035075269219403	0	NotEquant	75.0	2.0	2.0
42	42	-110.17231799999999	22.551214	-6530430.823	1336716.398	2919	22.551631	-110.187071	22.551036	-110.17648200000001	285.239451	22.543004999999997	-110.16989099999999	-6530286.961	1336229.803	2940	0	Vent	43	-86.52029607577292	579.680033740637	2.032257570642418	0	NotEquant	10.0	2.0	2.0
43	43	-110.42201399999999	23.737572	-6545231.471	1407037.429	3086	23.724545000000003	-110.43581499999999	23.73668	-110.419991	483.775538	23.722368	-110.439003	-6546238.51	1406136.1709999999	3104	0	Vent	44	50.04381358431826	1118.0835200562149	2.311161752159976	0	NotEquant	18.0	2.0	2.0
44	44	-110.82486200000001	24.352369	-6569110.145	1443479.3190000001	3071	24.261651999999998	-110.850798	24.433449	-110.80416000000001	218.728552	24.363856	-110.83807900000001	-6569893.632999999	1444160.199	3074	0	Vent	45	13.882417089510016	10470.930275468849	47.87180356531071	0	NotEquant	9.0	2.0	2.0
45	45	-110.631693	25.554308	-6557660.125	1514723.889	3314	25.576556	-110.651204	25.53325	-110.62978899999999	322.93651800000004	25.565658	-110.644256	-6558404.826	1515396.658	3321	0	Vent	46	-24.047609529966707	2805.693327479973	8.688064591939314	0	NotEquant	107.0	2.0	2.0
46	46	-109.82112	27.037823	-6509613.651000001	1602658.7859999998	3529	27.020571999999998	-109.838728	27.072682	-109.79803899999999	256.700008	27.051362	-109.815599	-6509286.433999999	1603461.314	3535	0	Vent	47	34.80685551560928	3755.4407684705398	14.629686994285327	0	NotEquant	2.0	2.0	2.0
47	47	-110.190665	27.746378999999997	-6531518.359	1644658.201	3716	27.736503999999996	-110.19851799999999	27.754588000000002	-110.185193	244.39338500000002	27.737455999999998	-110.19908899999999	-6532017.647000001	1644129.294	3709	0	Vent	48	33.10608313651415	1277.375951984585	5.226720649515881	0	NotEquant	2.0	2.0	2.0
48	48	-109.802424	24.680684	-6508505.487000001	1462940.0880000002	3114	24.726806	-109.81709199999999	24.638289999999998	-109.79996000000001	234.422386	24.721301999999998	-109.795096	-6508071.078	1465347.6719999998	3123	0	Vent	49	-9.97782659960157	5317.567509468584	22.683701843511585	0	NotEquant	1.0	2.0	2.0
49	49	-109.619677	24.305841	-6497673.183999999	1440721.4	3153	24.309721	-109.621821	24.292685000000002	-109.622726	296.187846	24.308197	-109.620676	-6497732.422	1440861.032	3153	0	Vent	50	2.772044692089679	1009.1439360043914	3.4071078527793186	0	NotEquant	5.0	2.0	2.0
50	50	-109.69773	23.634677	-6502299.768999999	1400938.314	3141	23.667317	-109.69622199999999	23.582287	-109.70406200000001	832.176686	23.636485	-109.691317	-6501919.661	1401045.506	3175	0	Vent	51	4.8301786211874855	5048.859862772551	6.067052763807602	0	NotEquant	28.0	2.0	2.0
51	51	-113.042142	27.62705	-6700538.75	1637585.033	2862	27.616571999999998	-113.087973	27.62215	-113.023296	242.34992599999998	27.621921999999998	-113.08776200000001	-6703242.875	1637281.0869999998	2870	0	Vent	52	84.42560004490267	3406.6796218733725	14.0568626452701	0	NotEquant	1.0	2.0	2.0
52	52	-113.143873	27.589326	-6706568.877	1635348.951	2905	27.575983	-113.158045	27.584878000000003	-113.143873	176.865557	27.573121999999998	-113.15343899999999	-6707135.865	1634388.456	2917	0	Vent	53	54.69383689908458	910.691562717098	5.149061118310888	0	NotEquant	85.0	2.0	2.0
53	53	-112.629958	26.893246	-6676106.717	1594089.029	2910	26.871913	-112.668252	26.903724	-112.588649	366.70876200000004	26.901740999999998	-112.59769299999999	-6674194.188999999	1594592.549	2920	0	Vent	54	65.84682920055339	4603.064426316953	12.55237099111625	0	NotEquant	18.0	2.0	2.0
54	54	-112.219854	25.989424	-6651797.911	1540515.254	3031	25.957349	-112.31975200000001	26.010173	-112.1984	258.63011	25.988495999999998	-112.19886699999999	-6650553.922	1540460.247	3037	0	Vent	55	64.13512350153171	7171.142209330375	27.7274065627176	0	NotEquant	24.0	2.0	2.0
55	55	-111.81261699999999	25.747662	-6627659.031	1526184.8590000002	3113	25.76176	-111.824752	25.727853	-111.81118899999998	276.564295	25.745592000000002	-111.80918999999999	-6627455.931	1526062.1519999998	3114	0	Vent	56	-19.817055755793717	2132.4082703001636	7.71035274202754	0	NotEquant	24.0	2.0	2.0
56	56	-114.02060300000001	28.355340999999996	-6758536.731000001	1680754.2480000001	2643	28.334460999999997	-114.05915	28.381217	-113.970277	356.880429	28.363764	-114.019603	-6758477.494	1681253.5359999998	2704	0	Vent	57	59.10618836340776	5391.192737040883	15.106439857594106	0	NotEquant	15.0	2.0	2.0
57	57	-114.227851	27.770551	-6770821.302	1646091.0019999999	2628	27.750860999999997	-114.234677	27.793840000000003	-114.22530800000001	266.956831	27.752847999999997	-114.22885	-6770880.539	1645041.65	2630	0	Vent	58	10.914907708848189	2589.7933390636167	9.70116902183191	0	NotEquant	1.0	2.0	2.0
58	58	-113.199347	25.432665	-6709857.055	1507513.551	2844	25.387381	-113.210203	25.494308	-113.189532	337.470398	25.456579	-113.198348	-6709797.817000001	1508931.021	2879	0	Vent	59	9.898041718106501	6422.192153368946	19.030386639627412	0	NotEquant	68.0	2.0	2.0
59	59	-106.807257	3.14738	-6330967.871	186560.0002	5828	3.1227669999999996	-106.816478	3.15489	-106.809191	321.62486	3.136661	-106.8069	-6330946.714	185924.6067	5836	0	Vent	60	12.762313986372385	1948.756458222345	6.059097727154377	0	NotEquant	122.0	3.0	3.0
60	60	-106.766522	2.720868	-6328553.272999999	161278.6368	5762	2.707409	-106.770983	2.7212400000000003	-106.768752	163.572044	2.714372	-106.771376	-6328840.999	160893.5926	5762	0	Vent	61	9.152969388877892	828.8883132696775	5.06742040387829	0	NotEquant	105.0	3.0	3.0
61	61	-106.64008500000001	2.417064	-6321058.785	143270.7536	5713	2.409703	-106.65332099999999	2.413569	-106.63354199999999	188.173273	2.410069	-106.658794	-6322167.726	142856.0906	5718	0	Vent	62	78.93043383110626	1191.3852236923199	6.331320089714972	0	NotEquant	40.0	3.0	3.0
62	62	-106.89901299999998	2.233286	-6336406.653	132377.3565	5621	2.213879	-106.909423	2.240201	-106.896782	375.949905	2.229788	-106.89473000000001	-6336152.777000001	132170.025	5625	0	Vent	63	25.635262010714325	1727.4246324745004	4.594826623176033	0	NotEquant	12.0	3.0	3.0
63	63	-106.70708300000001	2.08272	-6325030.043	123452.582	5637	2.178553	-106.652984	2.027457	-106.737693	170.713061	2.1752569999999998	-106.65318400000001	-6321835.197000001	128937.6763	5662	0	Vent	64	29.26141420047844	10247.274476888022	60.02630622907067	0	NotEquant	7.0	3.0	3.0
64	64	-106.56751299999999	1.991343	-6316757.078	118036.2309	5627	1.996176	-106.57911299999999	1.968961	-106.553385	123.36121999999999	1.9972290000000001	-106.58150400000001	-6317586.404	118385.1683	5631	0	Vent	66	-43.374486583253486	2215.23170945092	17.957277898604765	0	NotEquant	1.0	3.0	3.0
65	65	-106.52263700000002	2.101396	-6314097.062000001	124559.6024	5646	2.031972	-106.57898700000001	2.1492310000000003	-106.471245	174.601584	2.136445	-106.495154	-6312468.029	126637.1486	5653	0	Vent	67	42.55701255729171	9418.945915983599	53.945363496722905	0	NotEquant	1.0	3.0	3.0
66	66	-106.753072	1.877015	-6327756.031	111259.5245	5705	1.8615009999999999	-106.772678	1.881489	-106.74241200000002	300.024852	1.878657	-106.74678999999999	-6327383.681	111356.8434	5714	0	Vent	68	56.54423495612541	2145.208798365647	7.150103679963308	0	NotEquant	77.0	3.0	3.0
67	67	-106.21331200000002	0.32748499999999997	-6295761.955	19411.57928	5643	0.314446	-106.23006399999998	0.342618	-106.195609	296.271787	0.322702	-106.22301999999999	-6296337.405	19128.08519	5647	0	Vent	69	50.728421379467854	2633.2618168428153	8.88799383669568	0	NotEquant	58.0	3.0	3.0
68	68	-106.103773	-1.0164229999999999	-6289269.0770000005	-60248.14644	5669	-1.06236	-106.146226	-1.023099	-106.11695900000001	281.81908500000003	-1.004701	-106.106022	-6289402.362000001	-59553.374379999994	5673	0	Vent	70	36.698302856209004	2897.1732140330514	10.280259103222377	0	NotEquant	4.0	3.0	3.0
69	69	-105.963209	-1.4178540000000002	-6280937.177	-84042.85368	5654	-1.432333	-105.973274	-1.398164	-105.954048	154.825133	-1.446966	-105.97891399999999	-6281868.052999999	-85768.50048	5663	0	Vent	71	29.35808409915987	2319.5551103021394	14.981773729864257	0	NotEquant	1.0	3.0	3.0
70	70	-105.84339299999999	4.702683	-6273835.092	278750.1287	6218	4.689555	-105.854982	4.713526	-105.838398	854.7297900000001	4.715033	-105.832971	-6273217.329	279482.1358	6224	0	Vent	72	34.58589719959957	1722.7460075694735	2.015544594004935	0	NotEquant	1.0	3.0	3.0
71	71	-105.940099	4.665624	-6279567.324	276553.4707	6182	4.651679	-105.954572	4.675498999999999	-105.93467199999999	1067.175101	4.677080999999999	-105.93145600000001	-6279054.989	277232.5872	6186	0	Vent	73	39.782207215618264	1833.9609048447628	1.7185192037616353	0	NotEquant	1.0	3.0	3.0
72	72	-105.911158	4.483153	-6277851.8379999995	265737.5453	6240	4.457599	-105.922917	4.4975510000000005	-105.910102	221.327846	4.45824	-105.92643400000001	-6278757.3270000005	264260.8374	6248	0	Vent	74	17.73278580916608	2481.747449994452	11.21299237690341	0	NotEquant	2.0	3.0	3.0
73	73	-105.727275	4.447506	-6266952.231000001	263624.5696	6330	4.42949	-105.74446200000001	4.452255	-105.722149	239.56360899999999	4.442723	-105.73013	-6267121.481000001	263341.0755	6337	0	Vent	75	44.33853062544261	1883.2574922479732	7.861200205278146	0	NotEquant	278.0	3.0	3.0
74	74	-105.897732	4.384258999999999	-6277056.021000001	259875.6067	6223	4.370464	-105.906778	4.394284	-105.89908899999999	238.62760699999998	4.392175	-105.89614499999999	-6276961.946	260344.8528	6224	0	Vent	76	17.84059251098053	1480.547938990845	6.204428555455636	0	NotEquant	1.0	3.0	3.0
75	75	-105.814205	4.282385	-6272105.009	253837.0985	6209	4.261806	-105.827472	4.290753	-105.81224499999999	131.176486	4.260777	-105.825865	-6272796.114	252556.2624	6214	0	Vent	77	27.679404478860366	1934.0360549506033	14.74377088398757	0	NotEquant	12.0	3.0	3.0
76	76	-105.634302	4.300456	-6261441.293	254908.2308	6198	4.276408999999999	-105.64515700000001	4.321035	-105.62661299999999	187.37873100000002	4.283677	-105.645431	-6262100.945	253913.6743	6207	0	Vent	78	22.50712734488879	2858.07908336158	15.252953566867628	0	NotEquant	6.0	3.0	3.0
77	77	-105.94190400000001	3.8755949999999997	-6279674.344	229724.7211	6096	3.865268	-105.952307	3.878083	-105.94341200000001	395.168908	3.8779790000000003	-105.939799	-6279549.522000001	229866.045	6096	0	Vent	79	34.703244404061	922.2875962856768	2.333907292842171	0	NotEquant	44.0	3.0	3.0
78	78	-105.96037700000001	3.829414	-6280769.279	226987.3831	6082	3.8144139999999997	-105.97243799999998	3.840496	-105.95630600000001	139.980021	3.808642	-105.97393999999998	-6281573.217999999	225756.0879	6088	0	Vent	80	31.679497042324293	1813.3906637810505	12.95463917512236	0	NotEquant	27.0	3.0	3.0
79	79	-105.82866200000001	3.591685	-6272961.915	212896.0431	6085	3.595379	-105.83378799999998	3.583619	-105.831828	408.108384	3.5886160000000005	-105.82380800000001	-6272674.19	212714.0991	6088	0	Vent	81	-9.44415530710694	705.3602695778528	1.7283650550483491	0	NotEquant	80.0	3.0	3.0
80	80	-105.90134599999999	3.620598	-6277270.247	214609.8547	6022	3.587656	-105.92531699999999	3.6458510000000004	-105.891848	158.476048	3.6139629999999996	-105.902451	-6277335.761	214216.5596	6022	0	Vent	82	29.85359303430808	3970.067251607701	25.051528617168074	0	NotEquant	6.0	3.0	3.0
81	81	-105.774048	3.284886	-6269724.715	194710.5975	5884	3.263402	-105.782491	3.288278	-105.77721399999999	642.321286	3.284814	-105.790681	-6270710.597999999	194706.3663	5888	0	Vent	83	11.957576687690292	1504.4759017181664	2.3422482401091815	0	NotEquant	1.0	3.0	3.0
82	82	-106.180035	3.447521	-6293789.487000001	204350.7879	5925	3.428601	-106.21817800000001	3.516194	-106.13541000000001	65.017072	3.518563	-106.129995	-6290823.377	208561.767	5947	0	Vent	84	43.322635765505794	7124.104220518904	109.57282451167448	0	NotEquant	1.0	3.0	3.0
83	83	-106.024876	3.04248	-6284592.469	180342.0854	5895	3.0372790000000003	-106.030153	3.049491	-106.025178	183.35438100000002	3.035699	-106.02644699999999	-6284685.557	179940.1161	5898	0	Vent	85	22.13693038587581	780.0441715186728	4.2542979734892326	0	NotEquant	50.0	3.0	3.0
84	84	-106.40815500000001	3.13928	-6307311.19	186079.8622	5840	3.088699	-106.435594	3.17584	-106.39443500000002	168.218624	3.144491	-106.401873	-6306938.839	186388.7438	5852	0	Vent	86	25.248419757436928	5700.473399863626	33.88729062403712	0	NotEquant	19.0	3.0	3.0
85	85	-106.298763	3.282265	-6300827.001	194555.2589	5870	3.246157	-106.31881399999999	3.31385	-106.28293300000001	274.307326	3.317481	-106.278323	-6299615.451	196642.678	5874	0	Vent	87	27.886164342786813	4531.399075437087	16.51942418569268	0	NotEquant	1.0	3.0	3.0
86	86	-106.25913999999999	2.91705	-6298478.397000001	172907.2578	5791	2.883311	-106.27893600000002	2.947652	-106.246766	97.970787	2.871007	-106.30011499999999	-6300907.137	170178.0984	5800	0	Vent	88	26.534206941513364	4255.06447308924	43.43197195189664	0	NotEquant	9.0	3.0	3.0
87	87	-106.13338200000001	2.873121	-6291024.132	170303.3709	5803	2.852086	-106.143852	2.912049	-106.121771	82.54261600000001	2.887041	-106.12901399999998	-6290765.179	171128.4656	5805	0	Vent	89	20.19185646985741	3780.1428021302827	45.79625634993543	0	NotEquant	1.0	3.0	3.0
88	88	-106.107422	2.304955	-6289485.346	136625.5168	5669	2.27821	-106.11751100000001	2.354543	-106.09276499999999	145.382592	2.300886	-106.105709	-6289383.796	136384.3353	5674	0	Vent	90	17.94767354403687	4747.397759626661	32.65451313198943	0	NotEquant	4.0	3.0	3.0
89	89	-106.11815800000001	2.73843	-6290121.687999999	162319.6029	5786	2.706521	-106.154325	2.833585	-106.017625	246.82320499999997	2.699668	-106.16155900000001	-6292694.291	160022.0314	5798	0	Vent	91	47.05554705696754	11035.573414168994	44.710437230441904	0	NotEquant	12.0	3.0	3.0
90	90	-106.244968	3.110315	-6297638.323	184362.9603	5833	3.1183009999999998	-106.25018600000001	3.094316	-106.248663	227.42312	3.120391	-106.245282	-6297656.94	184960.2442	5836	0	Vent	92	-3.628007830653047	1421.9620468931598	6.252495554951316	0	NotEquant	1.0	3.0	3.0
91	91	-106.273699	2.604146	-6299341.365	154359.9874	5769	2.551513	-106.28626299999999	2.621564	-106.272557	163.572044	2.605645	-106.27041499999999	-6299146.727000001	154448.8438	5773	0	Vent	93	11.05918475348017	4223.113238484528	25.818062397536146	0	NotEquant	8.0	3.0	3.0
92	92	-106.55491699999999	3.02818	-6316010.462	179494.4564	5787	2.996676	-106.580044	3.040458	-106.54406599999999	291.959998	3.0884419999999997	-106.502692	-6312914.875	183066.4818	5807	0	Vent	94	39.37180409632916	3350.991251522061	11.477569785166462	0	NotEquant	1.0	3.0	3.0
93	93	-106.442251	2.642258	-6309332.232000001	156619.0293	5743	2.638736	-106.44948500000001	2.737125	-106.35758200000001	240.18558399999998	2.699293	-106.39413799999998	-6306480.366	159999.802	5760	0	Vent	95	43.014252665588316	7961.814652226187	33.14859501403792	0	NotEquant	7.0	3.0	3.0
94	94	-106.56248400000001	2.290808	-6316458.999	135786.941	5666	2.233493	-106.61246200000001	2.349194	-106.52546299999999	111.503358	2.346463	-106.52545900000001	-6314264.387999999	139085.9094	5673	0	Vent	96	36.916846524803766	8562.51094418046	76.79150742868622	0	NotEquant	1.0	3.0	3.0
95	95	-105.88821499999999	2.072639	-6276491.931	122855.0481	5660	2.0855029999999997	-105.892379	2.057396	-105.896395	192.48463999999998	2.058434	-105.893498	-6276805.044	122013.0284	5670	0	Vent	97	8.126359235211623	1679.8650347200246	8.727267976915066	0	NotEquant	56.0	3.0	3.0
96	96	-107.88261399999999	0.306465	-6394709.324	18165.64131	5678	0.28319099999999997	-107.89912199999999	0.311745	-107.87755800000001	166.435337	0.30054000000000003	-107.879473	-6394523.149	17814.44715	5681	0	Vent	98	37.059700349731635	2117.0791181070276	12.72012996919655	0	NotEquant	26.0	3.0	3.0
97	97	-107.272057	1.4227459999999998	-6358518.73	84332.86391	5543	1.370422	-107.314136	1.476308	-107.23487	235.691831	1.471216	-107.230369	-6356047.677	87205.88601	5559	0	Vent	99	36.808977514965854	7825.015289837693	33.20019729422736	0	NotEquant	1.0	3.0	3.0
98	98	-107.116748	1.838197	-6349312.856000001	108958.5781	5576	1.8092720000000002	-107.10946100000001	1.8950810000000002	-107.10961	267.97947999999997	1.7935169999999998	-107.130472	-6350126.313999999	106310.1651	5583	0	Vent	100	-0.09943475035586456	5077.039714857864	18.945628653574015	0	NotEquant	14.0	3.0	3.0
99	99	-107.015798	1.681918	-6343329.0370000005	99695.16689	5584	1.660577	-107.027992	1.701771	-106.98798799999999	125.558921	1.7150040000000002	-106.972682	-6340773.359	101656.3536	5599	0	Vent	101	44.14744621032821	3396.7477780446748	27.053018224365555	0	NotEquant	1.0	3.0	3.0
100	100	-107.48220900000001	3.8017730000000003	-6370975.429	225348.9601	5642	3.842745	-107.472394	3.7572330000000003	-107.50109599999999	391.692745	3.8166919999999998	-107.47231000000001	-6370388.695	226233.2924	5650	0	Vent	102	18.517210793150866	5335.667942006692	13.622074981262909	0	NotEquant	24.0	3.0	3.0
101	101	-107.139451	2.786982	-6350658.575	165197.5208	5590	2.7626939999999998	-107.17310900000001	2.809431	-107.101497	237.059391	2.824678	-107.089549	-6347700.646000001	167431.9055	5596	0	Vent	103	56.83708640554266	5055.378108175569	21.325365288631694	0	NotEquant	2.0	3.0	3.0
102	102	-107.181451	4.823519999999999	-6353148.072000001	285912.6791	5859	4.868624	-107.190647	4.756314	-107.18565	433.00071900000006	4.839296	-107.18316399999999	-6353249.622	286847.7864	5875	0	Vent	104	-2.5388170490043365	6651.535562819969	15.361488494017877	0	NotEquant	23.0	3.0	3.0
103	103	-105.55573799999999	5.1273	-6256784.445	303919.1638	6369	5.109573	-105.564066	5.158114	-105.55383400000001	141.74528600000002	5.121518	-105.58871699999999	-6258739.284	303576.4321	6386	0	Vent	105	11.856318081271219	2934.621207438516	20.703483623705946	0	NotEquant	14.0	3.0	3.0
104	104	-105.478812	5.327593	-6252224.698	315791.4831	6392	5.2986830000000005	-105.48999599999999	5.35698	-105.472626	243.16937000000001	5.362757	-105.473444	-6251906.507999999	317875.7993	6401	0	Vent	106	16.523224317090403	3597.8272038831806	14.795560822003118	0	NotEquant	1.0	3.0	3.0
105	105	-105.439531	5.271127	-6249896.317000001	312444.435	6330	5.2355540000000005	-105.46998799999999	5.278146	-105.435248	656.905263	5.253352	-105.46423	-6251360.331	311390.8525	6371	0	Vent	107	39.08244909025111	3246.527690956893	4.942155092700015	0	NotEquant	1.0	3.0	3.0
106	106	-105.72135800000001	5.436927	-6266601.496	322272.1844	6405	5.427987	-105.732295	5.441857	-105.713149	174.173813	5.447706	-105.70779499999999	-6265797.557	322911.1039	6410	0	Vent	108	53.955533450710696	1394.6998355048634	8.007517384400739	0	NotEquant	1.0	3.0	3.0
107	107	-105.474092	5.503776	-6251944.879	326234.6396	6439	5.496464	-105.480122	5.505962	-105.471378	458.76552300000003	5.49728	-105.47452	-6251970.267000001	325849.5954	6440	0	Vent	109	42.5009355929785	762.2330148017166	1.6614871357752763	0	NotEquant	5.0	3.0	3.0
108	108	-105.34825500000001	5.880387000000001	-6244485.96	348558.1489	6537	5.886643	-105.35247700000001	5.848048	-105.352024	218.61483900000002	5.908298	-105.341117	-6244062.834	350212.5696	6545	0	Vent	110	-0.6689658539334857	2283.6929511494122	10.446193687471563	0	NotEquant	1.0	3.0	3.0
109	109	-104.90883999999998	5.058825	-6218439.775	299860.3265	6085	5.027693	-104.90838799999999	5.07669	-104.907936	493.696779	5.0581830000000005	-104.924545	-6219370.651000001	299822.2452	6103	0	Vent	111	0.5264684899072319	2899.1113156283536	5.872250820636514	0	NotEquant	1.0	3.0	3.0
110	110	-105.19981999999999	5.005895	-6235687.509	296722.9341	6193	5.01969	-105.19906599999999	4.953204	-105.192734	105.781374	5.026383	-105.20524499999999	-6236009.085	297937.3043	6201	0	Vent	112	-5.4201402688104565	3951.4203703563735	37.35459486805658	0	NotEquant	1.0	3.0	3.0
111	111	-105.059118	5.675287	-6227347.47	336400.9474	6336	5.642346	-105.071179	5.69843	-105.056706	297.611633	5.683639	-105.072253	-6228126.021000001	336896.0042	6344	0	Vent	113	14.401448319743453	3425.9682994757727	11.511540274622844	0	NotEquant	1.0	3.0	3.0
112	112	-105.09535600000001	6.109996	-6229495.415	362168.1363	6496	6.109468	-105.109678	6.100573000000001	-105.08208799999998	281.023858	6.097218	-105.113344	-6230561.691000001	361410.7417	6504	0	Vent	114	-72.03678777806167	1706.339666825181	6.071867630630781	0	NotEquant	1.0	3.0	3.0
113	113	-105.19894	6.259823	-6235635.351	371049.11600000004	6603	6.242711	-105.206026	6.26819	-105.199845	251.71126800000002	6.269174	-105.215073	-6236591.615	371603.4104	6615	0	Vent	115	13.55754878072388	1550.7204028160838	6.1607111002121835	0	NotEquant	1.0	3.0	3.0
114	114	-105.442903	4.825851999999999	-6250096.201	286050.9096	6252	4.82653	-105.44923500000002	4.814771	-105.443959	234.422386	4.832693	-105.450042	-6250519.3270000005	286456.4049	6254	0	Vent	116	-24.089185327721566	762.1108649773681	3.2510157326756675	0	NotEquant	1.0	3.0	3.0
115	115	-105.45030200000001	4.508379	-6250534.759	267232.7799	6140	4.498805	-105.456483	4.510715	-105.450754	561.516564	4.511876	-105.464008	-6251347.16	267440.1113	6147	0	Vent	117		781.5086705324042	1.391782042839976	1	Equant	1.0	3.0	3.0
116	116	-105.13888200000001	4.381524	-6232075.45	259713.5017	6009	4.374966000000001	-105.147627	4.386876	-105.14069199999999	192.48463999999998	4.3860209999999995	-105.137597	-6231999.2870000005	259980.0708	6021	0	Vent	118	30.138435857712906	814.8297573043127	4.233219634066971	0	NotEquant	12.0	3.0	3.0
117	117	-105.21690500000001	4.499366	-6236700.244	266698.5363	6115	4.505622	-105.221278	4.485571	-105.21765900000001	253.188748	4.488215	-105.214321	-6236547.073	266037.6143	6116	0	Vent	119	-10.200477656904383	1205.4026392147987	4.760885500388819	0	NotEquant	11.0	3.0	3.0
118	118	-105.22981999999999	4.534341	-6237465.727999999	268771.7201	6123	4.532306	-105.225749	4.535623	-105.22650300000001	109.477901	4.535126999999999	-105.222824	-6237051.065	268818.2639	6131	0	Vent	120	-12.767715511446564	201.23148227135212	1.8381013924568403	0	NotEquant	26.0	3.0	3.0
119	119	-105.251258	4.5521080000000005	-6238736.467999999	269824.8109	6107	4.530435	-105.259423	4.561395	-105.252076	138.551616	4.543328	-105.245833	-6238414.892999999	269304.3666	6113	0	Vent	121	13.308916442531176	1882.3563754827424	13.585957564599914	0	NotEquant	1.0	3.0	3.0
120	120	-105.403782	4.7450209999999995	-6247777.325	281259.6623	6285	4.738036	-105.405652	4.753741000000001	-105.403749	581.7441269999999	4.751612000000001	-105.386798	-6246770.569	281650.3481	6302	0	Vent	122	6.8854005009535655	935.9628122835178	1.608890866007003	0	NotEquant	31.0	3.0	3.0
121	121	-105.39046499999999	4.793449	-6246987.921	284130.2244	6313	4.796423	-105.401648	4.795471	-105.36048400000001	282.083663	4.7863940000000005	-105.393106	-6247144.477000001	283712.0354	6314	0	Vent	123	-88.67222409502523	2427.6626346560397	8.606179488870433	0	NotEquant	62.0	3.0	3.0
122	122	-105.393429	4.242546	-6247163.654	251475.65399999998	6078	4.237431	-105.398426	4.245997	-105.396047	147.251995	4.246758	-105.39314399999999	-6247146.728999999	251725.2981	6078	0	Vent	124	15.48079025604139	525.9015489119071	3.571439211481699	0	NotEquant	2.0	3.0	3.0
123	123	-105.046673	3.066751	-6226609.767000001	181780.7586	5681	3.047359	-105.063805	3.078292	-105.04024799999999	439.272287	3.043266	-105.043104	-6226398.204	180388.6757	5684	0	Vent	125	37.2509559323057	2299.2917363667943	5.23432004342854	0	NotEquant	20.0	3.0	3.0
124	124	-104.341178	3.580797	-6184791.7870000005	212250.6536	5662	3.5602150000000004	-104.353314	3.59091	-104.34141600000001	249.22933700000002	3.567448	-104.347317	-6185155.675	211459.4089	5666	0	Vent	126	21.149368965504863	1947.288756853648	7.813240528957664	0	NotEquant	74.0	3.0	3.0
125	125	-113.84358700000001	25.740342000000002	-6748044.186000001	1525750.9840000002	2684	25.731895	-113.847394	25.736892	-113.841921	125.558921	25.722853	-113.856151	-6748788.887	1524714.3269999998	2692	0	Vent	127	44.613094613753695	415.33384404104635	3.3078800035327345	0	NotEquant	13.0	2.0	2.0
126	126	-109.23708500000001	26.797967	-6474995.165	1588441.382	3625	26.855431	-109.229946	26.81498	-109.240178	87.229555	26.799322999999998	-109.239226	-6475122.102000001	1588521.775	3625	0	Vent	128	12.72128112732213	2453.556745490093	28.12758526040965	0	NotEquant	1.0	2.0	2.0
127	127	-109.39488	26.969640999999996	-6484348.448	1598617.325	3696	26.955008000000003	-109.39702199999999	26.977137	-109.406302	394.728187	26.956863000000002	-109.40273300000001	-6484813.886	1597859.93	3707	0	Vent	129	-20.491852780097197	1397.764815544415	3.5410818420839423	0	NotEquant	112.0	2.0	2.0
128	128	-109.223206	27.145539000000003	-6474172.505	1609043.642	3637	27.145658	-109.227251	27.136378999999998	-109.227727	162.810177	27.145360999999998	-109.22381299999999	-6474208.471	1609033.064	3637	0	Vent	130	2.6138438394818877	549.5791990771808	3.3755825907441936	0	NotEquant	42.0	2.0	2.0
129	129	-108.530627	-0.619637	-6433120.1	-36728.80331	5894	-0.616434	-108.530298	-0.62744	-108.54250900000001	303.567765	-0.628679	-108.558146	-6434751.249	-37264.76227	5898	0	Vent	131	47.96933325020808	972.6088384318743	3.2039266041039447	0	NotEquant	4.0	3.0	3.0
130	130	-108.46846599999999	-0.45688900000000005	-6429435.511	-27081.93533	5933	-0.46766800000000003	-108.481733	-0.44731499999999996	-108.45926899999999	491.222599	-0.47252200000000005	-108.49559199999999	-6431043.387999999	-28008.58016	5940	0	Vent	132	47.82174091298204	1793.4855964263784	3.6510649145162364	0	NotEquant	46.0	3.0	3.0
131	131	-108.447129	-0.942889	-6428170.748	-55889.43955	5902	-0.9592459999999999	-108.464165	-0.93422	-108.437028	154.664443	-0.988503	-108.504378	-6431564.214	-58593.211460000006	5910	0	Vent	133	47.31378206839623	2183.976359730637	14.120739824670864	0	NotEquant	4.0	3.0	3.0
132	132	-108.119666	-3.0711459999999997	-6408760.482999999	-182041.2511	6187	-3.054465	-108.286693	-3.0851599999999997	-107.944051	502.087129	-3.0736470000000002	-108.175155	-6412049.578	-182189.5213	6203	0	Vent	134	-84.86444320156794	20325.192394411373	40.481404960315906	0	NotEquant	1.0	3.0	3.0
133	133	-108.290121	-4.787497	-6418864.154	-283777.458	6488	-4.764678	-108.291653	-4.817978	-108.28898799999999	326.306914	-4.77046	-108.290704	-6418898.709	-282767.5984	6489	0	Vent	135	-2.8523079395021114	3157.4951153760217	9.676457898700919	0	NotEquant	1.0	3.0	3.0
134	134	-108.419968	-3.4273540000000002	-6426560.788	-203155.3658	6358	-3.437157	-108.431389	-3.428401	-108.409117	269.92105	-3.4408449999999995	-108.43296000000001	-6427330.876	-203955.073	6358	0	Vent	136	68.50386351760324	1413.7378936586963	5.2375977851994	0	NotEquant	29.0	3.0	3.0
135	135	-109.028396	-2.413623	-6462625.217999999	-143066.7752	6285	-2.425711	-109.04077	-2.421713	-109.027254	196.70153200000001	-2.424747	-109.026076	-6462487.7020000005	-143726.1458	6289	0	Vent	137	73.50824357826404	833.2623024243045	4.2361759664602125	0	NotEquant	7.0	3.0	3.0
136	136	-108.984875	-2.043693	-6460045.511	-121139.2651	6175	-2.06092	-109.003149	-2.045311	-108.97764199999999	209.31767299999998	-2.0583259999999997	-108.988444	-6460257.074	-122006.6723	6181	0	Vent	138	58.51953998652518	1768.4922808926146	8.448843595221005	0	NotEquant	21.0	3.0	3.0
137	137	-109.007433	-1.22645	-6461382.622	-72697.48118	6142	-1.227878	-109.013144	-1.251482	-109.007623	152.233734	-1.2452239999999999	-109.011573	-6461628.035	-73810.30122000001	6180	0	Vent	139	-13.161832084106322	1434.2467290427608	9.421346316334596	0	NotEquant	86.0	3.0	3.0
138	138	-109.254944	-0.995432	-6476053.78	-59003.90677	6152	-1.006567	-109.26293899999999	-0.9985719999999999	-109.25418300000001	144.696821	-1.003641	-109.26165400000001	-6476451.517000001	-59490.50109	6159	0	Vent	140	47.596874534969366	701.4783256064148	4.847918017538304	0	NotEquant	89.0	3.0	3.0
139	139	-109.46304599999999	0.21916100000000002	-6488388.931	12990.67685	5783	0.16777999999999998	-109.528003	0.22108000000000003	-109.440201	372.160728	0.22351500000000002	-109.409651	-6485223.9520000005	13248.78341	5814	0	Vent	141	58.73996372298378	6077.194391188837	16.329488669714866	0	NotEquant	5.0	3.0	3.0
140	140	-109.75831799999999	0.964087	-6505891.072000001	57145.98851	5826	0.950168	-109.779971	0.9665860000000001	-109.74689599999999	527.022955	0.9568780000000001	-109.77759099999999	-6507033.511	56718.631760000004	5836	0	Vent	142	63.5973274706164	2184.5244083557936	4.145027057418767	0	NotEquant	20.0	3.0	3.0
141	141	-109.90835600000001	-0.30649	-6514784.558999999	-18167.11819	5879	-0.31898200000000004	-109.916446	-0.30089899999999997	-109.905501	293.912361	-0.324408	-109.924774	-6515757.748	-19229.16318	5887	0	Vent	143	31.184694114381028	1250.6220164055105	4.255084788371696	0	NotEquant	4.0	3.0	3.0
142	142	-109.96330900000001	-0.355998	-6518041.897000001	-21101.65709	5893	-0.36087600000000003	-109.97972800000001	-0.354213	-109.954029	264.335873	-0.354817	-109.97203	-6518558.8379999995	-21031.67779	5899	0	Vent	144	75.46473533397791	1570.7700690246677	5.942326522683767	0	NotEquant	3.0	3.0	3.0
143	143	-109.88508799999998	-0.817407	-6513405.326	-48451.559610000004	5987	-0.830851	-109.90222	-0.8184779999999999	-109.874618	209.673756	-0.824902	-109.895081	-6513997.701	-48895.84137	5990	0	Vent	145	65.85297818307079	1789.5384107744007	8.534870767395423	0	NotEquant	2.0	3.0	3.0
144	144	-110.03856100000002	-1.0193969999999999	-6522502.396000001	-60424.4783	6002	-1.024989	-110.06235500000001	-1.026417	-110.02713899999999	544.154667	-1.011731	-110.058006	-6523654.99	-59970.041520000006	6092	0	Vent	146	-87.67725575368057	2084.9918839953043	3.831616285660386	0	NotEquant	6.0	3.0	3.0
145	145	-110.89046599999999	-5.443565	-6572998.815	-322665.6595	6903	-5.439163	-110.92806100000001	-5.453202	-110.84168700000001	277.282645	-5.449061	-110.870193	-6571797.1389999995	-322991.4662	6922	0	Vent	147	-80.72279393316288	5154.756674297398	18.59026075828654	0	NotEquant	57.0	3.0	3.0
146	146	-111.03730300000001	-5.429341	-6581702.543	-321822.518	6911	-5.424701	-111.066332	-5.428984	-111.020647	247.72824300000002	-5.432837999999999	-111.04315600000001	-6582049.506	-322029.8495	6922	0	Vent	148	-84.61800292076163	2702.8191919637607	10.910420060435985	0	NotEquant	55.0	3.0	3.0
147	147	-110.88457700000001	-2.7823580000000003	-6572649.739	-164923.4419	6683	-2.784416	-110.88600100000001	-2.781789	-110.880518	51.340002	-2.791778	-110.878552	-6572292.622	-165481.7983	6686	0	Vent	149	64.3738881298007	359.37861722022717	6.9999727935387925	0	NotEquant	5.0	3.0	3.0
148	148	-110.335751	-2.271816	-6540118.275	-134661.2348	6436	-2.270452	-110.35149799999999	-2.284134	-110.33157	352.604578	-2.269853	-110.339463	-6540338.3	-134544.8753	6441	0	Vent	150	-55.50608930616461	1429.4538986328384	4.05398564800494	0	NotEquant	3.0	3.0	3.0
149	149	-110.20236100000001	-2.11145	-6532211.616	-125155.537	6328	-2.113903	-110.223776	-2.115837	-110.191802	877.2983310000001	-2.121943	-110.2085	-6532575.504	-125777.5315	6390	0	Vent	151	-86.53564425297819	1893.9661286594614	2.1588621130745786	0	NotEquant	33.0	3.0	3.0
150	150	-109.56239599999999	-2.506866	-6494277.908	-148593.751	6400	-2.521069	-109.56879099999999	-2.505008	-109.56195	491.12134800000007	-2.5277819999999998	-109.572676	-6494887.209	-149833.5087	6408	0	Vent	152	23.051308168422466	1032.7337464970765	2.1028076883700773	0	NotEquant	60.0	3.0	3.0
151	151	-109.27311200000001	-2.494631	-6477130.68	-147868.4906	6360	-2.5030330000000003	-109.28724	-2.492772	-109.270882	593.046939	-2.504696	-109.26140500000001	-6476436.754	-148465.0976	6418	0	Vent	153	57.876722937899906	1141.7234469019713	1.9251822609980143	0	NotEquant	77.0	3.0	3.0
152	152	-110.401299	-4.263287999999999	-6544003.624	-252705.0874	6724	-4.262544	-110.407306	-4.264031	-110.40061299999999	147.251995	-4.270355	-110.347619	-6540821.72	-253123.9816	6744	0	Vent	154	-77.4400078931733	404.5886062830672	2.747593377482371	0	NotEquant	22.0	3.0	3.0
153	153	-112.58073799999998	-4.96007	-6673189.17	-294006.6615	7368	-4.975611	-112.589809	-4.95256	-112.578061	521.330371	-4.97242	-112.58958899999999	-6673713.846	-294738.6686	7375	0	Vent	155	26.919275369637315	1529.5820129788501	2.9339975149440316	0	NotEquant	127.0	3.0	3.0
154	154	-109.88333899999999	-7.294592999999999	-6513301.656	-432384.799	7119	-7.3141490000000005	-109.887056	-7.291396000000001	-109.889436	457.95177199999995	-7.301089	-109.85621299999998	-6511693.779	-432769.8432	7135	0	Vent	156	-5.923571722317982	1353.4454818065158	2.95543235021376	0	NotEquant	142.0	3.0	3.0
155	155	-110.02168400000001	-6.872641000000001	-6521502.017999999	-407373.6963	6903	-6.867361	-110.03298600000001	-6.892048	-110.021386	436.14777599999996	-6.885989	-110.011404	-6520892.717	-408164.9409	6907	0	Vent	157	-25.008342758766304	1611.764626242776	3.695455336318799	0	NotEquant	12.0	3.0	3.0
156	156	-106.72931499999999	-3.652715	-6326347.837	-216513.6016	6144	-3.649369	-106.734371	-3.6585900000000002	-106.73258600000001	410.356597	-3.659211	-106.73688100000001	-6326796.35	-216898.6458	6146	0	Vent	158		555.6632383266289	1.3540984655514843	1	Equant	6.0	3.0	3.0
157	157	-106.775719	-3.5332480000000004	-6329098.451	-209432.2349	6117	-3.5099739999999997	-106.798175	-3.58463	-106.765755	476.264245	-3.5040519999999997	-106.80827	-6331027.903	-207701.6516	6139	0	Vent	159	-23.432183553474005	4814.200025216759	10.10825413781956	0	NotEquant	10.0	3.0	3.0
158	158	-106.43410300000001	-3.082039	-6308849.254	-182686.9078	5885	-3.089775	-106.44158600000002	-3.079686	-106.425977	767.642114	-3.091913	-106.432247	-6308739.241	-183272.2314	5890	0	Vent	160		1098.5311156487758	1.4310459205066175	1	Equant	1.0	3.0	3.0
159	159	-109.66280800000001	-4.0861339999999995	-6500229.772999999	-242204.3581	6541	-4.087562	-109.683105	-4.096627	-109.645771	256.700008	-4.0892040000000005	-109.691076	-6501905.35	-242386.3021	6550	0	Vent	161	-76.3173265806741	2267.638316507016	8.833806956901286	0	NotEquant	1.0	3.0	3.0
160	160	-109.776908	-4.2142290000000004	-6506992.989	-249797.1579	6600	-4.227733	-109.81877	-4.213598999999999	-109.75481	120.71236299999998	-4.222153	-109.76905500000001	-6506527.551	-250266.8272	6604	0	Vent	162	77.50846426145758	3865.5770537562057	32.023041863211695	0	NotEquant	1.0	3.0	3.0
161	161	-109.74538999999999	-4.950949	-6505124.802	-293466.0222	6661	-4.953779	-109.787327	-4.95435	-109.71708500000001	331.448304	-4.956303	-109.72226200000001	-6503753.876	-293783.3663	6674	0	Vent	163	-89.52947134170564	4140.596766674016	12.492436125646961	0	NotEquant	18.0	3.0	3.0
162	162	-109.60427800000001	-5.174078	-6496760.421	-306691.9349	6755	-5.168653	-109.619506	-5.1932089999999995	-109.598377	274.307326	-5.175851000000001	-109.60599099999999	-6496861.971	-306797.0111	6755	0	Vent	164	-40.59318151300806	1913.3728230961376	6.975288815640811	0	NotEquant	63.0	3.0	3.0
163	163	-109.76222299999999	-5.419413	-6506122.584	-321234.0701	6741	-5.426361	-109.77573899999999	-5.425408999999999	-109.758987	177.567129	-5.426254	-109.76074799999999	-6506035.137999999	-321639.5654	6743	0	Vent	165	86.7336190137483	988.325262894569	5.565924664438141	0	NotEquant	2.0	3.0	3.0
164	164	-109.45421200000001	-5.6973400000000005	-6487865.305	-337708.0802	6808	-5.703930000000001	-109.46278500000001	-5.7065470000000005	-109.45683600000001	335.252606	-5.699552	-109.442422	-6487166.442000001	-337839.2491	6815	0	Vent	166		382.93924362883547	1.1422409155824294	1	Equant	77.0	3.0	3.0
165	165	-108.64272	-3.2734490000000003	-6439764.362000001	-194032.6817	6308	-3.297506	-108.712372	-3.274752	-108.63563400000001	180.75929	-3.269951	-108.629157	-6438960.4229999995	-193825.3502	6317	0	Vent	167	73.46058370238988	4728.56599800149	26.159463217638717	0	NotEquant	13.0	3.0	3.0
166	166	-108.31643100000001	-4.9671129999999994	-6420423.709	-294424.1352	6541	-4.958704	-108.34197900000001	-4.971368	-108.30896200000001	220.37786200000002	-4.972096	-108.306752	-6419849.951	-294719.4768	6550	0	Vent	169	-68.94163478094023	2085.432705698238	9.462986376091795	0	NotEquant	1.0	3.0	3.0
167	167	-109.23492900000001	-5.074114	-6474867.397999999	-300766.5789	6734	-5.091524	-109.253447	-5.07115	-109.232478	224.742203	-5.082823	-109.278093	-6477425.896000001	-301282.792	6744	0	Vent	170	45.7126929853428	1726.358646004096	7.681506290138556	0	NotEquant	97.0	3.0	3.0
168	168	-109.605604	-1.2456049999999999	-6496839.017999999	-73832.87617999999	6059	-1.256982	-109.614676	-1.222034	-109.590732	213.209175	-1.269376	-109.612885	-6497270.606000001	-75241.88407999999	6064	0	Vent	171	34.41030650348224	2506.3276858044833	11.755252492321137	0	NotEquant	1.0	3.0	3.0
169	169	-109.220348	-1.404488	-6474003.092	-83250.61221	6165	-1.408665	-109.214564	-1.394091	-109.207723	745.1248929999999	-1.409985	-109.20678500000001	-6473199.153	-83576.41884	6167	0	Vent	172		952.5148330793337	1.2783290989572855	1	Equant	89.0	3.0	3.0
170	170	-109.189314	-3.297425	-6472163.549	-195453.8902	6392	-3.301961	-109.24493400000001	-3.322335	-109.11912	212.296069	-3.3013510000000004	-109.106651	-6467263.756	-195686.6092	6405	0	Vent	173	-80.78276031473744	7528.6930192142245	35.46317675441379	0	NotEquant	18.0	3.0	3.0
171	171	-109.41223400000001	-3.085482	-6485377.076	-182891.0265	6384	-3.08169	-109.42353600000001	-3.109946	-109.40628500000001	126.213232	-3.089123	-109.41666000000001	-6485639.414	-183106.8205	6388	0	Vent	174	-31.367448500820842	1957.9879397982936	15.513333338918804	0	NotEquant	9.0	3.0	3.0
172	172	-109.192623	-3.8035349999999997	-6472359.682999999	-225453.4015	6433	-3.780707	-109.183402	-3.838112	-109.21032	563.960683	-3.8387269999999996	-109.200047	-6472799.734	-227539.4102	6446	0	Vent	175	25.07295853536354	3749.8383227570607	6.649113024705413	0	NotEquant	1.0	3.0	3.0
173	173	-109.072598	-4.320791000000001	-6465245.23	-256113.5798	6642	-4.3193779999999995	-109.083156	-4.332763	-109.07125900000001	430.49900099999996	-4.339565	-109.12071	-6468097.096	-257226.3998	6666	0	Vent	176	-41.55007210877548	1058.2259232607855	2.458137930175558	0	NotEquant	10.0	3.0	3.0
174	174	-109.031585	-3.305535	-6462814.194	-195934.5708	6361	-3.3048059999999997	-109.066473	-3.309565	-108.973199	167.718991	-3.3083190000000005	-108.96476899999999	-6458853.739	-196099.5897	6372	0	Vent	177	-87.07164966832538	5516.710764968038	32.89258259947461	0	NotEquant	13.0	3.0	3.0
175	175	-107.828783	-0.930527	-6391518.518999999	-55156.69609	5962	-0.9468260000000001	-107.858051	-0.929932	-107.81736200000002	789.4327509999999	-0.933882	-107.78538200000001	-6388945.916	-55355.56507999999	5973	0	Vent	178	67.44947502021918	2606.3958079367026	3.3016058741356966	0	NotEquant	205.0	3.0	3.0
176	176	-107.81021399999999	-1.208704	-6390417.85	-71645.56241	5907	-1.2390649999999999	-107.84336299999998	-1.183386	-107.787446	162.542679	-1.2379	-107.83848200000001	-6392093.427	-73376.14568	5916	0	Vent	179	45.11638680486556	4668.34505768283	28.7207340644535	0	NotEquant	12.0	3.0	3.0
177	177	-108.081607	-1.5543719999999999	-6406504.549	-92134.93672	5953	-1.571326	-108.09862	-1.542891	-108.055195	162.542679	-1.55116	-108.066331	-6405599.06	-91944.53025	5956	0	Vent	180	56.773827182979	3070.337829185979	18.889425522425277	0	NotEquant	12.0	3.0	3.0
178	178	-108.06027399999999	-0.508864	-6405240.034	-30162.73253	5883	-0.513948	-108.066985	-0.49700600000000006	-108.03805	227.491446	-0.504937	-108.04328400000001	-6404232.995	-29930.0135	5886	0	Vent	181	59.64936085104682	1983.8048039410553	8.72034900134687	0	NotEquant	21.0	3.0	3.0
179	179	-129.921277	14.742652	-7701044.376	873866.2198	470	14.740723999999998	-129.94485600000002	14.732157999999998	-129.884894	273.41069100000004	14.730017000000002	-129.880445	-7698624.098999999	873117.2876	483	0	Vent	183	-81.60488296805373	3468.283053078542	12.685250311146543	0	NotEquant	1.0	0.0	0.0
180	180	-128.785943	15.827867999999999	-7633747.83	938192.1097	772	15.827082999999998	-128.81364	15.83465	-128.718271	220.37786200000002	15.83879	-128.71513000000002	-7629550.425	938839.4917	790	0	Vent	184	85.27233500719993	5447.076381662311	24.71698532796507	0	NotEquant	1.0	0.0	0.0
181	181	-128.380777	16.173783	-7609731.716	958696.1178	906	16.173141	-128.388486	16.205548999999998	-128.35822	199.852468	16.20712	-128.34751200000002	-7607759.9520000005	960672.1139	924	0	Vent	185	41.88381375957214	2575.6874316729186	12.887944079194051	0	NotEquant	1.0	0.0	0.0
182	182	-129.786068	15.098795	-7693029.946	894976.4842	480	15.104719000000001	-129.831897	15.077164999999999	-129.750376	284.825065	15.105004999999998	-129.801345	-7693935.435	895344.6034	490	0	Vent	186	-70.71692310276286	4934.0993780944855	17.32326253693468	0	NotEquant	8.0	0.0	0.0
183	183	-123.93717600000001	18.727109	-7346338.647999999	1110043.72	601	18.7416	-123.98329	18.714474	-123.91761699999999	158.91673600000001	18.72244	-123.91734299999999	-7345163.036	1109766.996	604	0	Vent	187	-66.44667309585914	4014.6840493793593	25.26281466905637	0	NotEquant	8.0	0.0	0.0
184	184	-101.326931	2.1181650000000003	-6006123.179	125553.60800000001	4820	2.039001	-101.428296	2.1805790000000003	-101.256975	1871.4635399999997	2.1293729999999997	-101.269871	-6002740.996	126217.915	4984	0	Vent	188	50.407800333027126	13144.512840693353	7.023654246928772	0	NotEquant	54.0	3.0	3.0
185	185	-100.398213	2.454704	-5951073.716	145501.8458	4705	2.490277	-100.394763	2.413183	-100.406898	478.94553899999994	2.487612	-100.40078299999999	-5951226.041	147452.4543	4730	0	Vent	189	8.937465089901622	4617.454207274546	9.640875279714312	0	NotEquant	107.0	3.0	3.0
186	186	-98.587336	2.3397930000000002	-5843734.531	138690.5206	4319	2.329978	-98.6216	2.3574599999999997	-98.564493	438.457803	2.3474310000000003	-98.542222	-5841060.378	139143.2649	4327	0	Vent	190	64.2815136482211	3747.1774168128823	8.546266918216716	0	NotEquant	25.0	3.0	3.0
187	187	-97.31828900000001	3.682891	-5768512.163	218302.2369	4032	3.64595	-97.325071	3.706983	-97.313292	459.909114	3.729504	-97.299872	-5767420.499	221065.2464	4044	0	Vent	192	10.901121897202582	3677.4835863628814	7.996109392959065	0	NotEquant	109.0	3.0	3.0
188	188	-100.729781	10.568848	-5970727.2979999995	626465.2875	3549	10.552964999999999	-100.790814	10.567956	-100.669105	310.537353	10.566064	-100.745914	-5971683.562000001	626300.2686	3552	0	Vent	193	82.84730182474243	7134.492139727049	22.974666560409077	0	NotEquant	3.0	4.0	4.0
189	189	-100.835959	10.478922	-5977020.992000001	621134.9144	3493	10.471248	-100.852021	10.474817	-100.821326	205.790919	10.478993	-100.82311	-5976259.366	621139.1457	3498	0	Vent	194	83.2537046611683	1798.306236739498	8.738511132940214	0	NotEquant	1.0	4.0	4.0
190	190	-100.97680799999999	10.636022	-5985369.768999999	630447.012	3528	10.620853	-101.008574	10.636915	-100.95610699999999	543.114075	10.643946000000001	-100.948826	-5983711.117000001	630916.6813	3551	0	Vent	195	72.69442182019394	3195.61454603023	5.883873560136018	0	NotEquant	1.0	4.0	4.0
191	191	-99.769841	11.035817	-5913827.171	654144.695	3575	11.027429	-99.783404	11.039564	-99.76163199999999	379.766753	11.034746	-99.761418	-5913327.882999999	654081.2262	3576	0	Vent	196	60.40723537046667	1454.0032129769459	3.8286743151972176	0	NotEquant	57.0	4.0	4.0
192	192	-99.667997	11.504952000000001	-5907790.363	681952.5452	3554	11.506069	-99.676503	11.493791	-99.67350400000001	538.8768230000001	11.504452	-99.682987	-5908678.926	681922.9264	3559	0	Vent	197		746.9677959753042	1.3861568434449147	1	Equant	44.0	4.0	4.0
193	193	-100.034204	10.938305999999999	-5929497.182999999	648364.7723	3568	10.921531	-100.044626	10.946943	-100.03120600000001	319.5403	10.941328	-100.033829	-5929474.969	648543.8954	3568	0	Vent	198	27.40590245577461	1693.641316150201	5.30024324365409	0	NotEquant	48.0	4.0	4.0
194	194	-100.64389	11.777174	-5965636.1389999995	698088.4414	3791	11.770107000000001	-100.652171	11.773391	-100.64232	230.713624	11.76868	-100.644033	-5965644.601	697584.922	3793	0	Vent	199	71.19379011500111	602.7680983051592	2.6126246376553786	0	NotEquant	36.0	4.0	4.0
195	195	-100.63611999999999	11.958636	-5965175.551	708844.5162	3786	11.949713000000001	-100.643829	11.951853999999999	-100.630837	143.499667	11.948828	-100.659419	-5966556.632999999	708263.1418	3792	0	Vent	200	80.43724559873596	762.6267885173995	5.3144847264168185	0	NotEquant	8.0	4.0	4.0
196	196	-101.02394699999999	12.858949	-5988163.908	762210.3095	4516	12.843886999999999	-101.031228	12.854452	-101.028944	258.058618	12.855166	-101.03594	-5988874.757999999	761986.053	4525	0	Vent	201	11.901882036696119	638.8297920863635	2.4755220230093746	0	NotEquant	1.0	4.0	4.0
197	197	-100.198032	13.094063	-5939208.055	776146.6471	4042	13.086996000000001	-100.20445699999999	13.09185	-100.195891	166.323247	13.096847	-100.20617	-5939690.418	776311.666	4046	0	Vent	202	59.80926948538005	571.1168997076331	3.4337767570617057	0	NotEquant	1.0	4.0	4.0
198	198	-99.063488	13.07782	-5871958.278	775183.8089	3668	13.061758	-99.076337	13.072751	-99.066486	301.523306	13.066327000000001	-99.058348	-5871653.627	774502.5769	3671	0	Vent	203	41.116955195578576	863.3621703914564	2.863334784447662	0	NotEquant	9.0	4.0	4.0
